{
  "note": "This is a simplified summary. For full details, use ensemble_output_combined.pkl",
  "datasets_used": [
    "rarefied",
    "clr"
  ],
  "model_ids": [
    "rarefied_Light Gradient Boosting Model_190_ANOVA F-value",
    "clr_Logistic Regression - Elastic Net_40_Chi-Squared"
  ],
  "selected_model_AUCs": {
    "rarefied_Light Gradient Boosting Model_190_ANOVA F-value": 0.7828461538461537,
    "clr_Logistic Regression - Elastic Net_40_Chi-Squared": 0.7865076923076922
  },
  "metrics_soft": {
    "AUC": 0.6374998461538461,
    "Accuracy": 0.5458823529411765,
    "Precision": 0.5454546917395214,
    "Recall": 0.5458823529411765,
    "F1": 0.5447231835512436
  },
  "metrics_hard": {
    "AUC": 0.6506240000000001,
    "Accuracy": 0.6052941176470589,
    "Precision": 0.6270897786273983,
    "Recall": 0.6052941176470589,
    "F1": 0.5915336847490732
  },
  "metrics_stacked": {
    "AUC": 0.7839007692307692,
    "Accuracy": 0.7092156862745098,
    "Precision": 0.7105631074613831,
    "Recall": 0.7092156862745098,
    "F1": 0.7082928004701851
  },
  "ensembler_model": "LogisticRegression",
  "voting_threshold": 0.5,
  "roc_auc": {
    "Soft Voting": 0.6374998461538461,
    "Hard Voting": 0.6506240000000001,
    "Stacking": 0.7839007692307692
  }
}